{"meta":{"version":1,"warehouse":"2.2.0"},"models":{"Asset":[{"_id":"source/CNAME","path":"CNAME","modified":0,"renderable":0},{"_id":"themes/next/source/css/main.styl","path":"css/main.styl","modified":0,"renderable":1},{"_id":"themes/next/source/images/algolia_logo.svg","path":"images/algolia_logo.svg","modified":0,"renderable":1},{"_id":"themes/next/source/images/avatar.gif","path":"images/avatar.gif","modified":0,"renderable":1},{"_id":"themes/next/source/images/cc-by-nc-nd.svg","path":"images/cc-by-nc-nd.svg","modified":0,"renderable":1},{"_id":"themes/next/source/images/cc-by-nc-sa.svg","path":"images/cc-by-nc-sa.svg","modified":0,"renderable":1},{"_id":"themes/next/source/images/cc-by-sa.svg","path":"images/cc-by-sa.svg","modified":0,"renderable":1},{"_id":"themes/next/source/images/cc-by-nd.svg","path":"images/cc-by-nd.svg","modified":0,"renderable":1},{"_id":"themes/next/source/images/cc-by-nc.svg","path":"images/cc-by-nc.svg","modified":0,"renderable":1},{"_id":"themes/next/source/images/cc-by.svg","path":"images/cc-by.svg","modified":0,"renderable":1},{"_id":"themes/next/source/images/loading.gif","path":"images/loading.gif","modified":0,"renderable":1},{"_id":"themes/next/source/images/cc-zero.svg","path":"images/cc-zero.svg","modified":0,"renderable":1},{"_id":"themes/next/source/images/placeholder.gif","path":"images/placeholder.gif","modified":0,"renderable":1},{"_id":"themes/next/source/images/quote-r.svg","path":"images/quote-r.svg","modified":0,"renderable":1},{"_id":"themes/next/source/images/searchicon.png","path":"images/searchicon.png","modified":0,"renderable":1},{"_id":"themes/next/source/images/quote-l.svg","path":"images/quote-l.svg","modified":0,"renderable":1},{"_id":"themes/next/source/js/src/affix.js","path":"js/src/affix.js","modified":0,"renderable":1},{"_id":"themes/next/source/js/src/bootstrap.js","path":"js/src/bootstrap.js","modified":0,"renderable":1},{"_id":"themes/next/source/js/src/algolia-search.js","path":"js/src/algolia-search.js","modified":0,"renderable":1},{"_id":"themes/next/source/js/src/exturl.js","path":"js/src/exturl.js","modified":0,"renderable":1},{"_id":"themes/next/source/js/src/hook-duoshuo.js","path":"js/src/hook-duoshuo.js","modified":0,"renderable":1},{"_id":"themes/next/source/js/src/motion.js","path":"js/src/motion.js","modified":0,"renderable":1},{"_id":"themes/next/source/js/src/post-details.js","path":"js/src/post-details.js","modified":0,"renderable":1},{"_id":"themes/next/source/js/src/scrollspy.js","path":"js/src/scrollspy.js","modified":0,"renderable":1},{"_id":"themes/next/source/js/src/utils.js","path":"js/src/utils.js","modified":0,"renderable":1},{"_id":"themes/next/source/lib/algolia-instant-search/instantsearch.min.css","path":"lib/algolia-instant-search/instantsearch.min.css","modified":0,"renderable":1},{"_id":"themes/next/source/lib/canvas-nest/canvas-nest.min.js","path":"lib/canvas-nest/canvas-nest.min.js","modified":0,"renderable":1},{"_id":"themes/next/source/lib/fastclick/LICENSE","path":"lib/fastclick/LICENSE","modified":0,"renderable":1},{"_id":"themes/next/source/lib/fastclick/bower.json","path":"lib/fastclick/bower.json","modified":0,"renderable":1},{"_id":"themes/next/source/lib/fastclick/README.md","path":"lib/fastclick/README.md","modified":0,"renderable":1},{"_id":"themes/next/source/lib/font-awesome/HELP-US-OUT.txt","path":"lib/font-awesome/HELP-US-OUT.txt","modified":0,"renderable":1},{"_id":"themes/next/source/lib/font-awesome/bower.json","path":"lib/font-awesome/bower.json","modified":0,"renderable":1},{"_id":"themes/next/source/lib/jquery_lazyload/README.md","path":"lib/jquery_lazyload/README.md","modified":0,"renderable":1},{"_id":"themes/next/source/lib/jquery_lazyload/jquery.lazyload.js","path":"lib/jquery_lazyload/jquery.lazyload.js","modified":0,"renderable":1},{"_id":"themes/next/source/lib/jquery_lazyload/jquery.scrollstop.js","path":"lib/jquery_lazyload/jquery.scrollstop.js","modified":0,"renderable":1},{"_id":"themes/next/source/lib/three/three-waves.min.js","path":"lib/three/three-waves.min.js","modified":0,"renderable":1},{"_id":"themes/next/source/lib/jquery_lazyload/bower.json","path":"lib/jquery_lazyload/bower.json","modified":0,"renderable":1},{"_id":"themes/next/source/lib/velocity/bower.json","path":"lib/velocity/bower.json","modified":0,"renderable":1},{"_id":"themes/next/source/lib/velocity/velocity.min.js","path":"lib/velocity/velocity.min.js","modified":0,"renderable":1},{"_id":"themes/next/source/lib/velocity/velocity.ui.js","path":"lib/velocity/velocity.ui.js","modified":0,"renderable":1},{"_id":"themes/next/source/lib/velocity/velocity.ui.min.js","path":"lib/velocity/velocity.ui.min.js","modified":0,"renderable":1},{"_id":"themes/next/source/lib/jquery_lazyload/CONTRIBUTING.md","path":"lib/jquery_lazyload/CONTRIBUTING.md","modified":0,"renderable":1},{"_id":"themes/next/source/lib/jquery/index.js","path":"lib/jquery/index.js","modified":0,"renderable":1},{"_id":"themes/next/source/js/src/schemes/pisces.js","path":"js/src/schemes/pisces.js","modified":0,"renderable":1},{"_id":"themes/next/source/lib/fancybox/source/blank.gif","path":"lib/fancybox/source/blank.gif","modified":0,"renderable":1},{"_id":"themes/next/source/lib/fancybox/source/fancybox_loading.gif","path":"lib/fancybox/source/fancybox_loading.gif","modified":0,"renderable":1},{"_id":"themes/next/source/lib/fancybox/source/fancybox_loading@2x.gif","path":"lib/fancybox/source/fancybox_loading@2x.gif","modified":0,"renderable":1},{"_id":"themes/next/source/lib/fancybox/source/fancybox_sprite.png","path":"lib/fancybox/source/fancybox_sprite.png","modified":0,"renderable":1},{"_id":"themes/next/source/lib/fancybox/source/fancybox_overlay.png","path":"lib/fancybox/source/fancybox_overlay.png","modified":0,"renderable":1},{"_id":"themes/next/source/lib/fancybox/source/fancybox_sprite@2x.png","path":"lib/fancybox/source/fancybox_sprite@2x.png","modified":0,"renderable":1},{"_id":"themes/next/source/lib/fancybox/source/jquery.fancybox.css","path":"lib/fancybox/source/jquery.fancybox.css","modified":0,"renderable":1},{"_id":"themes/next/source/lib/fancybox/source/jquery.fancybox.js","path":"lib/fancybox/source/jquery.fancybox.js","modified":0,"renderable":1},{"_id":"themes/next/source/lib/fancybox/source/jquery.fancybox.pack.js","path":"lib/fancybox/source/jquery.fancybox.pack.js","modified":0,"renderable":1},{"_id":"themes/next/source/lib/fastclick/lib/fastclick.js","path":"lib/fastclick/lib/fastclick.js","modified":0,"renderable":1},{"_id":"themes/next/source/lib/fastclick/lib/fastclick.min.js","path":"lib/fastclick/lib/fastclick.min.js","modified":0,"renderable":1},{"_id":"themes/next/source/lib/font-awesome/css/font-awesome.css","path":"lib/font-awesome/css/font-awesome.css","modified":0,"renderable":1},{"_id":"themes/next/source/lib/font-awesome/css/font-awesome.css.map","path":"lib/font-awesome/css/font-awesome.css.map","modified":0,"renderable":1},{"_id":"themes/next/source/lib/font-awesome/css/font-awesome.min.css","path":"lib/font-awesome/css/font-awesome.min.css","modified":0,"renderable":1},{"_id":"themes/next/source/lib/ua-parser-js/dist/ua-parser.pack.js","path":"lib/ua-parser-js/dist/ua-parser.pack.js","modified":0,"renderable":1},{"_id":"themes/next/source/lib/ua-parser-js/dist/ua-parser.min.js","path":"lib/ua-parser-js/dist/ua-parser.min.js","modified":0,"renderable":1},{"_id":"themes/next/source/lib/font-awesome/fonts/fontawesome-webfont.woff2","path":"lib/font-awesome/fonts/fontawesome-webfont.woff2","modified":0,"renderable":1},{"_id":"themes/next/source/lib/font-awesome/fonts/fontawesome-webfont.woff","path":"lib/font-awesome/fonts/fontawesome-webfont.woff","modified":0,"renderable":1},{"_id":"themes/next/source/lib/velocity/velocity.js","path":"lib/velocity/velocity.js","modified":0,"renderable":1},{"_id":"themes/next/source/lib/fancybox/source/helpers/fancybox_buttons.png","path":"lib/fancybox/source/helpers/fancybox_buttons.png","modified":0,"renderable":1},{"_id":"themes/next/source/lib/fancybox/source/helpers/jquery.fancybox-buttons.css","path":"lib/fancybox/source/helpers/jquery.fancybox-buttons.css","modified":0,"renderable":1},{"_id":"themes/next/source/lib/fancybox/source/helpers/jquery.fancybox-buttons.js","path":"lib/fancybox/source/helpers/jquery.fancybox-buttons.js","modified":0,"renderable":1},{"_id":"themes/next/source/lib/fancybox/source/helpers/jquery.fancybox-media.js","path":"lib/fancybox/source/helpers/jquery.fancybox-media.js","modified":0,"renderable":1},{"_id":"themes/next/source/lib/fancybox/source/helpers/jquery.fancybox-thumbs.css","path":"lib/fancybox/source/helpers/jquery.fancybox-thumbs.css","modified":0,"renderable":1},{"_id":"themes/next/source/lib/fancybox/source/helpers/jquery.fancybox-thumbs.js","path":"lib/fancybox/source/helpers/jquery.fancybox-thumbs.js","modified":0,"renderable":1},{"_id":"themes/next/source/lib/font-awesome/fonts/FontAwesome.otf","path":"lib/font-awesome/fonts/FontAwesome.otf","modified":0,"renderable":1},{"_id":"themes/next/source/lib/font-awesome/fonts/fontawesome-webfont.eot","path":"lib/font-awesome/fonts/fontawesome-webfont.eot","modified":0,"renderable":1},{"_id":"themes/next/source/lib/font-awesome/fonts/fontawesome-webfont.ttf","path":"lib/font-awesome/fonts/fontawesome-webfont.ttf","modified":0,"renderable":1},{"_id":"themes/next/source/lib/algolia-instant-search/instantsearch.min.js","path":"lib/algolia-instant-search/instantsearch.min.js","modified":0,"renderable":1},{"_id":"themes/next/source/lib/three/three.min.js","path":"lib/three/three.min.js","modified":0,"renderable":1},{"_id":"themes/next/source/lib/font-awesome/fonts/fontawesome-webfont.svg","path":"lib/font-awesome/fonts/fontawesome-webfont.svg","modified":0,"renderable":1}],"Cache":[{"_id":"source/CNAME","hash":"3f5872851fedaadb6f35742c27184fed2504d495","modified":1498567392210},{"_id":"themes/next/.bowerrc","hash":"3228a58ed0ece9f85e1e3136352094080b8dece1","modified":1490345568000},{"_id":"themes/next/.editorconfig","hash":"792fd2bd8174ece1a75d5fd24ab16594886f3a7f","modified":1490345568000},{"_id":"themes/next/.gitattributes","hash":"44bd4729c74ccb88110804f41746fec07bf487d4","modified":1490345568000},{"_id":"themes/next/.gitignore","hash":"5f09fca02e030b7676c1d312cd88ce8fbccf381c","modified":1490345568000},{"_id":"themes/next/.hound.yml","hash":"b76daa84c9ca3ad292c78412603370a367cc2bc3","modified":1490345568000},{"_id":"themes/next/.javascript_ignore","hash":"f9ea3c5395f8feb225a24e2c32baa79afda30c16","modified":1490345568000},{"_id":"themes/next/.stylintrc","hash":"b28e24704a5d8de08346c45286574c8e76cc109f","modified":1490345568000},{"_id":"themes/next/.jshintrc","hash":"9928f81bd822f6a8d67fdbc909b517178533bca9","modified":1490345568000},{"_id":"themes/next/LICENSE","hash":"f293bcfcdc06c0b77ba13570bb8af55eb5c059fd","modified":1490345568000},{"_id":"themes/next/.travis.yml","hash":"c42d9608c8c7fe90de7b1581a8dc3886e90c179e","modified":1490345568000},{"_id":"themes/next/README.en.md","hash":"4ece25ee5f64447cd522e54cb0fffd9a375f0bd4","modified":1490345568000},{"_id":"themes/next/README.md","hash":"500b5606eb6a09c979d16128f8b00f4bf9bc95ac","modified":1490345568000},{"_id":"themes/next/_config.yml","hash":"d01e48bba8fc1e112650356ea3da55710d8ccd94","modified":1498829120971},{"_id":"themes/next/bower.json","hash":"5abc236d9cc2512f5457ed57c1fba76669eb7399","modified":1490345568000},{"_id":"themes/next/gulpfile.coffee","hash":"031bffc483e417b20e90eceb6cf358e7596d2e69","modified":1490345568000},{"_id":"themes/next/package.json","hash":"7e87b2621104b39a30488654c2a8a0c6a563574b","modified":1490345568000},{"_id":"source/_posts/hello-world.md","hash":"029f91fccbe8f87c0f3ea10c4042300d2fa7edc0","modified":1498563604191},{"_id":"source/_posts/nodejs教程.md","hash":"096ba2a1b4ae5575ddec384ed78720f8b66eabe6","modified":1498829841912},{"_id":"source/_posts/hexo-new-article.md","hash":"372725ececd77f52d51fb33deba3ec09ffdb6ace","modified":1503494329902},{"_id":"source/_posts/前端测试框架-mocha.md","hash":"4d1ab6690d9a3bc3cd6441fee4afe769df86aea5","modified":1503495154775},{"_id":"source/about/index.md","hash":"7a9e4ffc275ca8f543c237cbbed9d1c4fc3912fd","modified":1498828951435},{"_id":"source/tags/index.md","hash":"abbe8386d5abdd83505715f08a1e18a0c995978f","modified":1498828885404},{"_id":"source/categories/index.md","hash":"3328fe497d5d352b45560201eb03c078b602b323","modified":1498829306108},{"_id":"themes/next/.github/CONTRIBUTING.md","hash":"3b5eafd32abb718e56ccf8d1cee0607ad8ce611d","modified":1490345568000},{"_id":"themes/next/.github/ISSUE_TEMPLATE.md","hash":"fdd63b77472612337309eb93ec415a059b90756b","modified":1490345568000},{"_id":"themes/next/languages/de.yml","hash":"306db8c865630f32c6b6260ade9d3209fbec8011","modified":1490345568000},{"_id":"themes/next/languages/default.yml","hash":"4cc6aeb1ac09a58330e494c8771773758ab354af","modified":1490345568000},{"_id":"themes/next/languages/en.yml","hash":"e7def07a709ef55684490b700a06998c67f35f39","modified":1490345568000},{"_id":"themes/next/languages/fr-FR.yml","hash":"24180322c83587a153cea110e74e96eacc3355ad","modified":1490345568000},{"_id":"themes/next/languages/id.yml","hash":"2835ea80dadf093fcf47edd957680973f1fb6b85","modified":1490345568000},{"_id":"themes/next/languages/ja.yml","hash":"1c3a05ab80a6f8be63268b66da6f19da7aa2c638","modified":1490345568000},{"_id":"themes/next/languages/pt-BR.yml","hash":"958e49571818a34fdf4af3232a07a024050f8f4e","modified":1490345568000},{"_id":"themes/next/languages/ko.yml","hash":"be150543379150f78329815af427bf152c0e9431","modified":1490345568000},{"_id":"themes/next/languages/pt.yml","hash":"36c8f60dacbe5d27d84d0e0d6974d7679f928da0","modified":1490345568000},{"_id":"themes/next/languages/ru.yml","hash":"7462c3017dae88e5f80ff308db0b95baf960c83f","modified":1490345568000},{"_id":"themes/next/languages/zh-Hans.yml","hash":"3c0c7dfd0256457ee24df9e9879226c58cb084b5","modified":1490345568000},{"_id":"themes/next/languages/zh-hk.yml","hash":"1c917997413bf566cb79e0975789f3c9c9128ccd","modified":1490345568000},{"_id":"themes/next/languages/zh-tw.yml","hash":"0b2c18aa76570364003c8d1cd429fa158ae89022","modified":1490345568000},{"_id":"themes/next/layout/_layout.swig","hash":"909d68b164227fe7601d82e2303bf574eb754172","modified":1490345568000},{"_id":"themes/next/layout/archive.swig","hash":"b5b59d70fc1563f482fa07afd435752774ad5981","modified":1490345568000},{"_id":"themes/next/layout/category.swig","hash":"6422d196ceaff4220d54b8af770e7e957f3364ad","modified":1490345568000},{"_id":"themes/next/layout/index.swig","hash":"427d0b95b854e311ae363088ab39a393bf8fdc8b","modified":1490345568000},{"_id":"themes/next/layout/page.swig","hash":"3727fab9dadb967e9c2204edca787dc72264674a","modified":1490345568000},{"_id":"themes/next/layout/post.swig","hash":"e2e512142961ddfe77eba29eaa88f4a2ee43ae18","modified":1490345568000},{"_id":"themes/next/layout/schedule.swig","hash":"234dc8c3b9e276e7811c69011efd5d560519ef19","modified":1490345568000},{"_id":"themes/next/layout/tag.swig","hash":"07cf49c49c39a14dfbe9ce8e7d7eea3d4d0a4911","modified":1490345568000},{"_id":"themes/next/scripts/merge-configs.js","hash":"13c8b3a2d9fce06c2488820d9248d190c8100e0a","modified":1490345568000},{"_id":"themes/next/scripts/merge.js","hash":"9130dabe6a674c54b535f322b17d75fe6081472f","modified":1490345568000},{"_id":"themes/next/test/.jshintrc","hash":"19f93d13d1689fe033c82eb2d5f3ce30b6543cc0","modified":1490345568000},{"_id":"themes/next/test/helpers.js","hash":"a1f5de25154c3724ffc24a91ddc576cdbd60864f","modified":1490345568000},{"_id":"themes/next/test/intern.js","hash":"11fa8a4f5c3b4119a179ae0a2584c8187f907a73","modified":1490345568000},{"_id":"themes/next/source/fonts/.gitkeep","hash":"da39a3ee5e6b4b0d3255bfef95601890afd80709","modified":1490345568000},{"_id":"themes/next/layout/_custom/header.swig","hash":"adc83b19e793491b1c6ea0fd8b46cd9f32e592fc","modified":1490345568000},{"_id":"themes/next/layout/_custom/sidebar.swig","hash":"adc83b19e793491b1c6ea0fd8b46cd9f32e592fc","modified":1490345568000},{"_id":"themes/next/layout/_macro/post-copyright.swig","hash":"b16fcbf0efd20c018d7545257a8533c497ea7647","modified":1490345568000},{"_id":"themes/next/layout/_macro/post-collapse.swig","hash":"5864f5567ba5efeabcf6ea355013c0b603ee07f2","modified":1490345568000},{"_id":"themes/next/layout/_macro/post.swig","hash":"640b431eccbbd27f10c6781f33db5ea9a6e064de","modified":1490345568000},{"_id":"themes/next/layout/_macro/reward.swig","hash":"37e5b7c42ec17b9b6b786c5512bcc481a21c974e","modified":1490345568000},{"_id":"themes/next/layout/_macro/sidebar.swig","hash":"911b99ba0445b2c07373128d87a4ef2eb7de341a","modified":1490345568000},{"_id":"themes/next/layout/_macro/wechat-subscriber.swig","hash":"14e785adeb0e671ba0ff9a553e6f0d8def6c670c","modified":1490345568000},{"_id":"themes/next/layout/_partials/comments.swig","hash":"1c7d3c975e499b9aa3119d6724b030b7b00fc87e","modified":1490345568000},{"_id":"themes/next/layout/_partials/head.swig","hash":"a0eafe24d1dae30c790ae35612154b3ffbbd5cce","modified":1490345568000},{"_id":"themes/next/layout/_partials/footer.swig","hash":"7172c6053118b7c291a56a7860128a652ae66b83","modified":1490345568000},{"_id":"themes/next/layout/_partials/header.swig","hash":"a1ffbb691dfad3eaf2832a11766e58a179003b8b","modified":1490345568000},{"_id":"themes/next/layout/_partials/page-header.swig","hash":"1efd925d34a5d4ba2dc0838d9c86ba911e705fc9","modified":1490345568000},{"_id":"themes/next/layout/_partials/pagination.swig","hash":"9e8e21d194ef44d271b1cca0bc1448c14d7edf4f","modified":1490345568000},{"_id":"themes/next/layout/_partials/search.swig","hash":"9dbd378e94abfcb3f864a5b8dbbf18d212ca2ee0","modified":1490345568000},{"_id":"themes/next/layout/_scripts/boostrap.swig","hash":"03aaebe9d50f6acb007ec38cc04acd1cfceb404d","modified":1490345568000},{"_id":"themes/next/layout/_scripts/commons.swig","hash":"766b2bdda29523ed6cd8d7aa197f996022f8fd94","modified":1490345568000},{"_id":"themes/next/layout/_scripts/vendors.swig","hash":"9de352a32865869e7ed6863db271c46db5853e5a","modified":1490345568000},{"_id":"themes/next/layout/_third-party/duoshuo-hot-articles.swig","hash":"5d4638c46aef65bf32a01681495b62416ccc98db","modified":1490345568000},{"_id":"themes/next/layout/_third-party/exturl.swig","hash":"7c04a42319d728be356746363aff8ea247791d24","modified":1490345568000},{"_id":"themes/next/layout/_third-party/schedule.swig","hash":"22369026c87fc23893c35a7f250b42f3bb1b60f1","modified":1490345568000},{"_id":"themes/next/layout/_third-party/mathjax.swig","hash":"6d25596d6a7c57700d37b607f8d9a62d89708683","modified":1490345568000},{"_id":"themes/next/scripts/tags/button.js","hash":"62e6dbeb53d07627a048132c79630b45d9a8f2cc","modified":1490345568000},{"_id":"themes/next/scripts/tags/exturl.js","hash":"8d7e60f60779bde050d20fd76f6fdc36fc85e06d","modified":1490345568000},{"_id":"themes/next/scripts/tags/center-quote.js","hash":"535fc542781021c4326dec24d8495cbb1387634a","modified":1490345568000},{"_id":"themes/next/scripts/tags/full-image.js","hash":"8eeb3fb89540299bdbb799edfdfdac3743b50596","modified":1490345568000},{"_id":"themes/next/scripts/tags/note.js","hash":"6752925eedbdb939d8ec4d11bdfb75199f18dd70","modified":1490345568000},{"_id":"themes/next/scripts/tags/group-pictures.js","hash":"49252824cd53184dc9b97b2f2d87ff28e1b3ef27","modified":1490345568000},{"_id":"themes/next/source/css/main.styl","hash":"20702c48d6053c92c5bcdbc68e8d0ef1369848a0","modified":1490345568000},{"_id":"themes/next/source/images/algolia_logo.svg","hash":"90035272fa31a3f65b3c0e2cb8a633876ef457dc","modified":1490345568000},{"_id":"themes/next/source/images/avatar.gif","hash":"264082bb3a1af70d5499c7d22b0902cb454b6d12","modified":1490345568000},{"_id":"themes/next/source/images/cc-by-nc-nd.svg","hash":"c6524ece3f8039a5f612feaf865d21ec8a794564","modified":1490345568000},{"_id":"themes/next/source/images/cc-by-nc-sa.svg","hash":"3031be41e8753c70508aa88e84ed8f4f653f157e","modified":1490345568000},{"_id":"themes/next/source/images/cc-by-sa.svg","hash":"aa4742d733c8af8d38d4c183b8adbdcab045872e","modified":1490345568000},{"_id":"themes/next/source/images/cc-by-nd.svg","hash":"c563508ce9ced1e66948024ba1153400ac0e0621","modified":1490345568000},{"_id":"themes/next/source/images/cc-by-nc.svg","hash":"8d39b39d88f8501c0d27f8df9aae47136ebc59b7","modified":1490345568000},{"_id":"themes/next/source/images/cc-by.svg","hash":"28a0a4fe355a974a5e42f68031652b76798d4f7e","modified":1490345568000},{"_id":"themes/next/source/images/loading.gif","hash":"5fbd472222feb8a22cf5b8aa5dc5b8e13af88e2b","modified":1490345568000},{"_id":"themes/next/source/images/cc-zero.svg","hash":"87669bf8ac268a91d027a0a4802c92a1473e9030","modified":1490345568000},{"_id":"themes/next/source/images/placeholder.gif","hash":"5fbd472222feb8a22cf5b8aa5dc5b8e13af88e2b","modified":1490345568000},{"_id":"themes/next/source/images/quote-r.svg","hash":"e60ae504f9d99b712c793c3740c6b100d057d4ec","modified":1490345568000},{"_id":"themes/next/source/images/searchicon.png","hash":"67727a6a969be0b2659b908518fa6706eed307b8","modified":1490345568000},{"_id":"themes/next/source/images/quote-l.svg","hash":"94e870b4c8c48da61d09522196d4dd40e277a98f","modified":1490345568000},{"_id":"themes/next/layout/_scripts/schemes/mist.swig","hash":"da39a3ee5e6b4b0d3255bfef95601890afd80709","modified":1490345568000},{"_id":"themes/next/layout/_scripts/schemes/muse.swig","hash":"da39a3ee5e6b4b0d3255bfef95601890afd80709","modified":1490345568000},{"_id":"themes/next/source/css/_mixins/Mist.styl","hash":"da39a3ee5e6b4b0d3255bfef95601890afd80709","modified":1490345568000},{"_id":"themes/next/source/css/_mixins/Muse.styl","hash":"da39a3ee5e6b4b0d3255bfef95601890afd80709","modified":1490345568000},{"_id":"themes/next/source/css/_mixins/custom.styl","hash":"da39a3ee5e6b4b0d3255bfef95601890afd80709","modified":1490345568000},{"_id":"themes/next/source/css/_variables/Muse.styl","hash":"da39a3ee5e6b4b0d3255bfef95601890afd80709","modified":1490345568000},{"_id":"themes/next/source/css/_variables/custom.styl","hash":"da39a3ee5e6b4b0d3255bfef95601890afd80709","modified":1490345568000},{"_id":"themes/next/layout/_partials/head/external-fonts.swig","hash":"7ce76358411184482bb0934e70037949dd0da8ca","modified":1490345568000},{"_id":"themes/next/layout/_partials/head/custom-head.swig","hash":"9e1b9666efa77f4cf8d8261bcfa445a9ac608e53","modified":1490345568000},{"_id":"themes/next/layout/_partials/search/swiftype.swig","hash":"959b7e04a96a5596056e4009b73b6489c117597e","modified":1490345568000},{"_id":"themes/next/layout/_partials/search/localsearch.swig","hash":"2d1075f4cabcb3956b7b84a8e210f5a66f0a5562","modified":1490345568000},{"_id":"themes/next/layout/_partials/search/tinysou.swig","hash":"eefe2388ff3d424694045eda21346989b123977c","modified":1490345568000},{"_id":"themes/next/layout/_partials/share/jiathis.swig","hash":"63315fcf210799f894208c9f512737096df84962","modified":1490345568000},{"_id":"themes/next/layout/_partials/share/baidushare.swig","hash":"1f1107468aaf03f7d0dcd7eb2b653e2813a675b4","modified":1490345568000},{"_id":"themes/next/layout/_partials/share/add-this.swig","hash":"23e23dc0f76ef3c631f24c65277adf7ea517b383","modified":1490345568000},{"_id":"themes/next/layout/_scripts/pages/post-details.swig","hash":"069d1357c717572256e5cdee09574ebce529cbae","modified":1490345568000},{"_id":"themes/next/layout/_scripts/schemes/pisces.swig","hash":"a44acf9b0d0f44ef3dfc767376a95c984cc127de","modified":1490345568000},{"_id":"themes/next/layout/_third-party/analytics/application-insights.swig","hash":"60426bf73f8a89ba61fb1be2df3ad5398e32c4ef","modified":1490345568000},{"_id":"themes/next/layout/_third-party/analytics/baidu-analytics.swig","hash":"deda6a814ed48debc694c4e0c466f06c127163d0","modified":1490345568000},{"_id":"themes/next/layout/_third-party/analytics/busuanzi-counter.swig","hash":"18e7bef8923d83ea42df6c97405e515a876cede4","modified":1490345568000},{"_id":"themes/next/layout/_third-party/analytics/cnzz-analytics.swig","hash":"8160b27bee0aa372c7dc7c8476c05bae57f58d0f","modified":1490345568000},{"_id":"themes/next/layout/_partials/share/duoshuo_share.swig","hash":"89c5a5240ecb223acfe1d12377df5562a943fd5d","modified":1490345568000},{"_id":"themes/next/layout/_third-party/analytics/facebook-sdk.swig","hash":"394d008e5e94575280407ad8a1607a028026cbc3","modified":1490345568000},{"_id":"themes/next/layout/_third-party/analytics/google-analytics.swig","hash":"5d9943d74cc2e0a91badcf4f755c6de77eab193a","modified":1490345568000},{"_id":"themes/next/layout/_third-party/analytics/lean-analytics.swig","hash":"92dc60821307fc9769bea9b2d60adaeb798342af","modified":1490345568000},{"_id":"themes/next/layout/_third-party/analytics/index.swig","hash":"3358d11b9a26185a2d36c96049e4340e701646e4","modified":1490345568000},{"_id":"themes/next/layout/_third-party/analytics/tencent-mta.swig","hash":"a652f202bd5b30c648c228ab8f0e997eb4928e44","modified":1490345568000},{"_id":"themes/next/layout/_third-party/analytics/tencent-analytics.swig","hash":"3658414379e0e8a34c45c40feadc3edc8dc55f88","modified":1490345568000},{"_id":"themes/next/layout/_third-party/analytics/vkontakte-api.swig","hash":"c3971fd154d781088e1cc665035f8561a4098f4c","modified":1490345568000},{"_id":"themes/next/layout/_third-party/comments/gentie.swig","hash":"03592d1d731592103a41ebb87437fe4b0a4c78ca","modified":1490345568000},{"_id":"themes/next/layout/_third-party/comments/disqus.swig","hash":"c316758546dc9ba6c60cb4d852c17ca6bb6d6724","modified":1490345568000},{"_id":"themes/next/layout/_third-party/comments/changyan.swig","hash":"0e3378f7c39b2b0f69638290873ede6b6b6825c0","modified":1490345568000},{"_id":"themes/next/layout/_third-party/comments/duoshuo.swig","hash":"a356b2185d40914447fde817eb3d358ab6b3e4c3","modified":1490345568000},{"_id":"themes/next/layout/_third-party/comments/hypercomments.swig","hash":"3e8dc5c6c912628a37e3b5f886bec7b2e5ed14ea","modified":1490345568000},{"_id":"themes/next/layout/_third-party/comments/index.swig","hash":"abb92620197a16ed2c0775edf18a0f044a82256e","modified":1490345568000},{"_id":"themes/next/layout/_third-party/comments/livere.swig","hash":"7240f2e5ec7115f8abbbc4c9ef73d4bed180fdc7","modified":1490345568000},{"_id":"themes/next/layout/_third-party/comments/youyan.swig","hash":"af9dd8a4aed7d06cf47b363eebff48850888566c","modified":1490345568000},{"_id":"themes/next/layout/_third-party/search/index.swig","hash":"c747fb5c6b1f500e8f0c583e44195878b66e4e29","modified":1490345568000},{"_id":"themes/next/layout/_third-party/search/localsearch.swig","hash":"f4dbd4c896e6510ded8ebe05394c28f8a86e71bf","modified":1490345568000},{"_id":"themes/next/layout/_third-party/search/tinysou.swig","hash":"cb3a5d36dbe1630bab84e03a52733a46df7c219b","modified":1490345568000},{"_id":"themes/next/layout/_third-party/seo/baidu-push.swig","hash":"c057b17f79e8261680fbae8dc4e81317a127c799","modified":1490345568000},{"_id":"themes/next/source/css/_mixins/Pisces.styl","hash":"715d5b40dc52f319fe4bff0325beb874774d9bd9","modified":1490345568000},{"_id":"themes/next/source/css/_mixins/base.styl","hash":"78a83c38f69a8747bb74e420e6c9eeef1ea76525","modified":1490345568000},{"_id":"themes/next/source/css/_custom/custom.styl","hash":"328d9a9696cc2ccf59c67d3c26000d569f46344c","modified":1490345568000},{"_id":"themes/next/source/css/_variables/Mist.styl","hash":"c8d35a6b9e3bff6d8fdb66de853065af9d37562d","modified":1490345568000},{"_id":"themes/next/source/css/_variables/Pisces.styl","hash":"06f432f328a5b8a9ef0dbd5301b002aba600b4ce","modified":1490345568000},{"_id":"themes/next/source/js/src/affix.js","hash":"978e0422b5bf1b560236d8d10ebc1adcf66392e3","modified":1490345568000},{"_id":"themes/next/source/css/_variables/base.styl","hash":"28a7f84242ca816a6452a0a79669ca963d824607","modified":1490345568000},{"_id":"themes/next/source/js/src/bootstrap.js","hash":"aab7be0a6e2724b3faa9338db93c19556c559625","modified":1490345568000},{"_id":"themes/next/source/js/src/algolia-search.js","hash":"b172f697ed339a24b1e80261075232978d164c35","modified":1490345568000},{"_id":"themes/next/source/js/src/exturl.js","hash":"e42e2aaab7bf4c19a0c8e779140e079c6aa5c0b1","modified":1490345568000},{"_id":"themes/next/source/js/src/hook-duoshuo.js","hash":"a6119070c0119f33e08b29da7d2cce2635eb40a0","modified":1490345568000},{"_id":"themes/next/source/js/src/motion.js","hash":"269414e84df544a4ccb88519f6abae4943db3c67","modified":1490345568000},{"_id":"themes/next/source/js/src/post-details.js","hash":"af7a417dd1cb02465a7b98211653e7c6192e6d55","modified":1490345568000},{"_id":"themes/next/source/js/src/scrollspy.js","hash":"fe4da1b9fe73518226446f5f27d2831e4426fc35","modified":1490345568000},{"_id":"themes/next/source/js/src/utils.js","hash":"e13c9ccf70d593bdf3b8cc1d768f595abd610e6e","modified":1490345568000},{"_id":"themes/next/source/lib/algolia-instant-search/instantsearch.min.css","hash":"90ef19edc982645b118b095615838d9c5eaba0de","modified":1490345568000},{"_id":"themes/next/source/lib/canvas-nest/canvas-nest.min.js","hash":"0387e75e23b1db108a755073fe52a0d03eb391a7","modified":1490345568000},{"_id":"themes/next/source/lib/fancybox/.gitattributes","hash":"2db21acfbd457452462f71cc4048a943ee61b8e0","modified":1490345568000},{"_id":"themes/next/source/lib/fancybox/.bower.json","hash":"cc40a9b11e52348e554c84e4a5c058056f6b7aeb","modified":1490345568000},{"_id":"themes/next/source/lib/fastclick/.bower.json","hash":"93ebd5b35e632f714dcf1753e1f6db77ec74449b","modified":1490345568000},{"_id":"themes/next/source/lib/fastclick/LICENSE","hash":"dcd5b6b43095d9e90353a28b09cb269de8d4838e","modified":1490345568000},{"_id":"themes/next/source/lib/fastclick/bower.json","hash":"13379463c7463b4b96d13556b46faa4cc38d81e6","modified":1490345568000},{"_id":"themes/next/source/lib/fastclick/README.md","hash":"1decd8e1adad2cd6db0ab50cf56de6035156f4ea","modified":1490345568000},{"_id":"themes/next/source/lib/font-awesome/.npmignore","hash":"dcf470ab3a358103bb896a539cc03caeda10fa8b","modified":1490345568000},{"_id":"themes/next/source/lib/font-awesome/.bower.json","hash":"a2aaaf12378db56bd10596ba3daae30950eac051","modified":1490345568000},{"_id":"themes/next/source/lib/font-awesome/HELP-US-OUT.txt","hash":"4f7bf961f1bed448f6ba99aeb9219fabf930ba96","modified":1490345568000},{"_id":"themes/next/source/lib/font-awesome/bower.json","hash":"279a8a718ab6c930a67c41237f0aac166c1b9440","modified":1490345568000},{"_id":"themes/next/source/lib/jquery/.bower.json","hash":"91745c2cc6c946c7275f952b2b0760b880cea69e","modified":1490345568000},{"_id":"themes/next/source/lib/jquery_lazyload/.bower.json","hash":"b7638afc93e9cd350d0783565ee9a7da6805ad8e","modified":1490345568000},{"_id":"themes/next/source/lib/font-awesome/.gitignore","hash":"69d152fa46b517141ec3b1114dd6134724494d83","modified":1490345568000},{"_id":"themes/next/source/lib/jquery_lazyload/README.md","hash":"895d50fa29759af7835256522e9dd7dac597765c","modified":1490345568000},{"_id":"themes/next/source/lib/jquery_lazyload/jquery.lazyload.js","hash":"481fd478650e12b67c201a0ea41e92743f8b45a3","modified":1490345568000},{"_id":"themes/next/source/lib/jquery_lazyload/jquery.scrollstop.js","hash":"0e9a81785a011c98be5ea821a8ed7d411818cfd1","modified":1490345568000},{"_id":"themes/next/source/lib/three/three-waves.min.js","hash":"5b38ae00297ffc07f433c632c3dbf7bde4cdf39a","modified":1490345568000},{"_id":"themes/next/source/lib/jquery_lazyload/bower.json","hash":"65bc85d12197e71c40a55c0cd7f6823995a05222","modified":1490345568000},{"_id":"themes/next/source/lib/velocity/.bower.json","hash":"05f960846f1c7a93dab1d3f9a1121e86812e8c88","modified":1490345568000},{"_id":"themes/next/source/lib/velocity/bower.json","hash":"2ec99573e84c7117368beccb9e94b6bf35d2db03","modified":1490345568000},{"_id":"themes/next/source/lib/velocity/velocity.min.js","hash":"2f1afadc12e4cf59ef3b405308d21baa97e739c6","modified":1490345568000},{"_id":"themes/next/source/lib/velocity/velocity.ui.js","hash":"6a1d101eab3de87527bb54fcc8c7b36b79d8f0df","modified":1490345568000},{"_id":"themes/next/source/lib/velocity/velocity.ui.min.js","hash":"ed5e534cd680a25d8d14429af824f38a2c7d9908","modified":1490345568000},{"_id":"themes/next/source/lib/jquery_lazyload/CONTRIBUTING.md","hash":"4891864c24c28efecd81a6a8d3f261145190f901","modified":1490345568000},{"_id":"themes/next/source/lib/jquery/index.js","hash":"41b4bfbaa96be6d1440db6e78004ade1c134e276","modified":1490345568000},{"_id":"themes/next/layout/_third-party/search/algolia-search/assets.swig","hash":"28ff4ed6714c59124569ffcbd10f1173d53ca923","modified":1490345568000},{"_id":"themes/next/source/css/_common/components/back-to-top-sidebar.styl","hash":"59ad08bcc6fe9793594869ac2b4c525021453e78","modified":1490345568000},{"_id":"themes/next/source/css/_common/components/back-to-top.styl","hash":"ef089a407c90e58eca10c49bc47ec978f96e03ba","modified":1490345568000},{"_id":"themes/next/source/css/_common/components/buttons.styl","hash":"0dfb4b3ba3180d7285e66f270e1d3fa0f132c3d2","modified":1490345568000},{"_id":"themes/next/source/css/_common/components/comments.styl","hash":"471f1627891aca5c0e1973e09fbcb01e1510d193","modified":1490345568000},{"_id":"themes/next/source/css/_common/components/components.styl","hash":"a6bb5256be6195e76addbda12f4ed7c662d65e7a","modified":1490345568000},{"_id":"themes/next/source/css/_common/components/pagination.styl","hash":"711c8830886619d4f4a0598b0cde5499dce50c62","modified":1490345568000},{"_id":"themes/next/source/css/_common/components/tag-cloud.styl","hash":"dd8a3b22fc2f222ac6e6c05bd8a773fb039169c0","modified":1490345568000},{"_id":"themes/next/source/css/_common/outline/outline.styl","hash":"2186be20e317505cd31886f1291429cc21f76703","modified":1490345568000},{"_id":"themes/next/source/css/_common/scaffolding/base.styl","hash":"7804e31c44717c9a9ddf0f8482b9b9c1a0f74538","modified":1490345568000},{"_id":"themes/next/source/css/_common/scaffolding/helpers.styl","hash":"9c25c75311e1bd4d68df031d3f2ae6d141a90766","modified":1490345568000},{"_id":"themes/next/layout/_third-party/search/algolia-search/dom.swig","hash":"ba698f49dd3a868c95b240d802f5b1b24ff287e4","modified":1490345568000},{"_id":"themes/next/source/css/_common/scaffolding/normalize.styl","hash":"ece571f38180febaf02ace8187ead8318a300ea7","modified":1490345568000},{"_id":"themes/next/source/css/_common/scaffolding/scaffolding.styl","hash":"013619c472c7e4b08311c464fcbe9fcf5edde603","modified":1490345568000},{"_id":"themes/next/source/css/_schemes/Mist/_base.styl","hash":"c2d079788d6fc2e9a191ccdae94e50d55bf849dc","modified":1490345568000},{"_id":"themes/next/source/css/_common/scaffolding/tables.styl","hash":"64f5d56c08d74a338813df1265580ca0cbf0190b","modified":1490345568000},{"_id":"themes/next/source/css/_schemes/Mist/_header.styl","hash":"5ae7906dc7c1d9468c7f4b4a6feddddc555797a1","modified":1490345568000},{"_id":"themes/next/source/css/_schemes/Mist/_logo.styl","hash":"38e5df90c8689a71c978fd83ba74af3d4e4e5386","modified":1490345568000},{"_id":"themes/next/source/css/_schemes/Mist/_menu.styl","hash":"b0dcca862cd0cc6e732e33d975b476d744911742","modified":1490345568000},{"_id":"themes/next/source/css/_schemes/Mist/_posts-expanded.styl","hash":"fda14bc35be2e1b332809b55b3d07155a833dbf4","modified":1490345568000},{"_id":"themes/next/source/css/_schemes/Mist/_search.styl","hash":"1452cbe674cc1d008e1e9640eb4283841058fc64","modified":1490345568000},{"_id":"themes/next/source/css/_schemes/Mist/index.styl","hash":"9a5581a770af8964064fef7afd3e16963e45547f","modified":1490345568000},{"_id":"themes/next/source/css/_schemes/Muse/_layout.styl","hash":"0efa036a15c18f5abb058b7c0fad1dd9ac5eed4c","modified":1490345568000},{"_id":"themes/next/source/css/_schemes/Muse/_logo.styl","hash":"8829bc556ca38bfec4add4f15a2f028092ac6d46","modified":1490345568000},{"_id":"themes/next/source/css/_schemes/Muse/_search.styl","hash":"1452cbe674cc1d008e1e9640eb4283841058fc64","modified":1490345568000},{"_id":"themes/next/source/css/_schemes/Muse/_menu.styl","hash":"82bbaa6322764779a1ac2e2c8390ce901c7972e2","modified":1490345568000},{"_id":"themes/next/source/css/_schemes/Pisces/_brand.styl","hash":"c4ed249798296f60bda02351fe6404fb3ef2126f","modified":1490345568000},{"_id":"themes/next/source/css/_schemes/Muse/index.styl","hash":"a0e2030a606c934fb2c5c7373aaae04a1caac4c5","modified":1490345568000},{"_id":"themes/next/source/css/_schemes/Pisces/_layout.styl","hash":"1eb34b9c1f6d541605ff23333eeb133e1c4daf17","modified":1490345568000},{"_id":"themes/next/source/css/_schemes/Pisces/_menu.styl","hash":"215de948be49bcf14f06d500cef9f7035e406a43","modified":1490345568000},{"_id":"themes/next/source/css/_schemes/Pisces/_posts.styl","hash":"2f878213cb24c5ddc18877f6d15ec5c5f57745ac","modified":1490345568000},{"_id":"themes/next/source/css/_schemes/Pisces/_sidebar.styl","hash":"e3e23751d4ad24e8714b425d768cf68e37de7ded","modified":1490345568000},{"_id":"themes/next/source/css/_schemes/Pisces/index.styl","hash":"69ecd6c97e7cdfd822ac8102b45ad0ede85050db","modified":1490345568000},{"_id":"themes/next/source/js/src/schemes/pisces.js","hash":"79da92119bc246fe05d1626ac98426a83ec90a94","modified":1490345568000},{"_id":"themes/next/source/lib/fancybox/source/blank.gif","hash":"2daeaa8b5f19f0bc209d976c02bd6acb51b00b0a","modified":1490345568000},{"_id":"themes/next/source/lib/fancybox/source/fancybox_loading.gif","hash":"1a755fb2599f3a313cc6cfdb14df043f8c14a99c","modified":1490345568000},{"_id":"themes/next/source/lib/fancybox/source/fancybox_loading@2x.gif","hash":"273b123496a42ba45c3416adb027cd99745058b0","modified":1490345568000},{"_id":"themes/next/source/lib/fancybox/source/fancybox_sprite.png","hash":"17df19f97628e77be09c352bf27425faea248251","modified":1490345568000},{"_id":"themes/next/source/lib/fancybox/source/fancybox_overlay.png","hash":"b3a4ee645ba494f52840ef8412015ba0f465dbe0","modified":1490345568000},{"_id":"themes/next/source/lib/fancybox/source/fancybox_sprite@2x.png","hash":"30c58913f327e28f466a00f4c1ac8001b560aed8","modified":1490345568000},{"_id":"themes/next/source/lib/fancybox/source/jquery.fancybox.css","hash":"5f163444617b6cf267342f06ac166a237bb62df9","modified":1490345568000},{"_id":"themes/next/source/lib/fancybox/source/jquery.fancybox.js","hash":"1cf3d47b5ccb7cb6e9019c64f2a88d03a64853e4","modified":1490345568000},{"_id":"themes/next/source/lib/fancybox/source/jquery.fancybox.pack.js","hash":"53360764b429c212f424399384417ccc233bb3be","modified":1490345568000},{"_id":"themes/next/source/lib/fastclick/lib/fastclick.js","hash":"06cef196733a710e77ad7e386ced6963f092dc55","modified":1490345568000},{"_id":"themes/next/source/lib/fastclick/lib/fastclick.min.js","hash":"2cae0f5a6c5d6f3cb993015e6863f9483fc4de18","modified":1490345568000},{"_id":"themes/next/source/lib/font-awesome/css/font-awesome.css","hash":"0140952c64e3f2b74ef64e050f2fe86eab6624c8","modified":1490345568000},{"_id":"themes/next/source/lib/font-awesome/css/font-awesome.css.map","hash":"0189d278706509412bac4745f96c83984e1d59f4","modified":1490345568000},{"_id":"themes/next/source/lib/font-awesome/css/font-awesome.min.css","hash":"512c7d79033e3028a9be61b540cf1a6870c896f8","modified":1490345568000},{"_id":"themes/next/source/lib/ua-parser-js/dist/ua-parser.pack.js","hash":"214dad442a92d36af77ed0ca1d9092b16687f02f","modified":1490345568000},{"_id":"themes/next/source/lib/ua-parser-js/dist/ua-parser.min.js","hash":"38628e75e4412cc6f11074e03e1c6d257aae495b","modified":1490345568000},{"_id":"themes/next/source/lib/font-awesome/fonts/fontawesome-webfont.woff2","hash":"d6f48cba7d076fb6f2fd6ba993a75b9dc1ecbf0c","modified":1490345568000},{"_id":"themes/next/source/lib/font-awesome/fonts/fontawesome-webfont.woff","hash":"28b782240b3e76db824e12c02754a9731a167527","modified":1490345568000},{"_id":"themes/next/source/lib/velocity/velocity.js","hash":"9f08181baea0cc0e906703b7e5df9111b9ef3373","modified":1490345568000},{"_id":"themes/next/source/css/_common/components/header/header.styl","hash":"ae1ca14e51de67b07dba8f61ec79ee0e2e344574","modified":1490345568000},{"_id":"themes/next/source/css/_common/components/footer/footer.styl","hash":"8994ffcce84deac0471532f270f97c44fea54dc0","modified":1490345568000},{"_id":"themes/next/source/css/_common/components/header/headerband.styl","hash":"d27448f199fc2f9980b601bc22b87f08b5d64dd1","modified":1490345568000},{"_id":"themes/next/source/css/_common/components/header/site-nav.styl","hash":"49c2b2c14a1e7fcc810c6be4b632975d0204c281","modified":1490345568000},{"_id":"themes/next/source/css/_common/components/header/menu.styl","hash":"8a2421cb9005352905fae9d41a847ae56957247e","modified":1490345568000},{"_id":"themes/next/source/css/_common/components/highlight/diff.styl","hash":"96f32ea6c3265a3889e6abe57587f6e2a2a40dfb","modified":1490345568000},{"_id":"themes/next/source/css/_common/components/highlight/highlight.styl","hash":"755b04edbbfbdd981a783edb09c9cc34cb79cea7","modified":1490345568000},{"_id":"themes/next/source/css/_common/components/highlight/theme.styl","hash":"b76387934fb6bb75212b23c1a194486892cc495e","modified":1490345568000},{"_id":"themes/next/source/css/_common/components/pages/archive.styl","hash":"7778920dd105fa4de3a7ab206eeba30b1a7bac45","modified":1490345568000},{"_id":"themes/next/source/css/_common/components/pages/categories.styl","hash":"4eff5b252d7b614e500fc7d52c97ce325e57d3ab","modified":1490345568000},{"_id":"themes/next/source/css/_common/components/pages/pages.styl","hash":"2039590632bba3943c39319d80ef630af7928185","modified":1490345568000},{"_id":"themes/next/source/css/_common/components/pages/post-detail.styl","hash":"9bf4362a4d0ae151ada84b219d39fbe5bb8c790e","modified":1490345568000},{"_id":"themes/next/source/css/_common/components/pages/schedule.styl","hash":"a82afbb72d83ee394aedc7b37ac0008a9823b4f4","modified":1490345568000},{"_id":"themes/next/source/css/_common/components/header/site-meta.styl","hash":"6c00f6e0978f4d8f9a846a15579963728aaa6a17","modified":1490345568000},{"_id":"themes/next/source/css/_common/components/sidebar/sidebar-author-links.styl","hash":"2e7ec9aaa3293941106b1bdd09055246aa3c3dc6","modified":1490345568000},{"_id":"themes/next/source/css/_common/components/sidebar/sidebar-author.styl","hash":"920343e41c124221a17f050bbb989494d44f7a24","modified":1490345568000},{"_id":"themes/next/source/css/_common/components/sidebar/sidebar-blogroll.styl","hash":"5f6ea57aabfa30a437059bf8352f1ad829dbd4ff","modified":1490345568000},{"_id":"themes/next/source/css/_common/components/sidebar/sidebar-nav.styl","hash":"45fa7193435a8eae9960267438750b4c9fa9587f","modified":1490345568000},{"_id":"themes/next/source/css/_common/components/sidebar/sidebar-feed-link.styl","hash":"9486ddd2cb255227db102d09a7df4cae0fabad72","modified":1490345568000},{"_id":"themes/next/source/css/_common/components/sidebar/sidebar-toc.styl","hash":"7690b9596ec3a49befbe529a5a2649abec0faf76","modified":1490345568000},{"_id":"themes/next/source/css/_common/components/sidebar/sidebar-toggle.styl","hash":"a2ec22ef4a6817bbb2abe8660fcd99fe4ca0cc5e","modified":1490345568000},{"_id":"themes/next/source/css/_common/components/sidebar/site-state.styl","hash":"3623e7fa4324ec1307370f33d8f287a9e20a5578","modified":1490345568000},{"_id":"themes/next/source/css/_common/components/sidebar/sidebar.styl","hash":"234facd038f144bd0fe09a31ed1357c5d74c517f","modified":1490345568000},{"_id":"themes/next/source/css/_common/components/post/post-button.styl","hash":"beccb53dcd658136fb91a0c5678dea8f37d6e0b6","modified":1490345568000},{"_id":"themes/next/source/css/_common/components/post/post-collapse.styl","hash":"8fae54591877a73dff0b29b2be2e8935e3c63575","modified":1490345568000},{"_id":"themes/next/source/css/_common/components/post/post-copyright.styl","hash":"f54367c0feda6986c030cc4d15a0ca6ceea14bcb","modified":1490345568000},{"_id":"themes/next/source/css/_common/components/post/post-eof.styl","hash":"2cdc094ecf907a02fce25ad4a607cd5c40da0f2b","modified":1490345568000},{"_id":"themes/next/source/css/_common/components/post/post-gallery.styl","hash":"387ce23bba52b22a586b2dfb4ec618fe1ffd3926","modified":1490345568000},{"_id":"themes/next/source/css/_common/components/post/post-expand.styl","hash":"b25132fe6a7ad67059a2c3afc60feabb479bdd75","modified":1490345568000},{"_id":"themes/next/source/css/_common/components/post/post-meta.styl","hash":"b9a2e76f019a5941191f1263b54aef7b69c48789","modified":1490345568000},{"_id":"themes/next/source/css/_common/components/post/post-nav.styl","hash":"a5d8617a24d7cb6c5ad91ea621183ca2c0917331","modified":1490345568000},{"_id":"themes/next/source/css/_common/components/post/post-tags.styl","hash":"a352ae5b1f8857393bf770d2e638bf15f0c9585d","modified":1490345568000},{"_id":"themes/next/source/css/_common/components/post/post-reward.styl","hash":"e792c8dc41561c96d128e9b421187f1c3dc978a0","modified":1490345568000},{"_id":"themes/next/source/css/_common/components/post/post-title.styl","hash":"963105a531403d7aad6d9e5e23e3bfabb8ec065a","modified":1490345568000},{"_id":"themes/next/source/css/_common/components/post/post.styl","hash":"8c0276883398651336853d5ec0e9da267a00dd86","modified":1490345568000},{"_id":"themes/next/source/css/_common/components/post/post-type.styl","hash":"10251257aceecb117233c9554dcf8ecfef8e2104","modified":1490345568000},{"_id":"themes/next/source/css/_common/components/tags/blockquote-center.styl","hash":"c2abe4d87148e23e15d49ee225bc650de60baf46","modified":1490345568000},{"_id":"themes/next/source/css/_common/components/tags/exturl.styl","hash":"1b3cc9f4e5a7f6e05b4100e9990b37b20d4a2005","modified":1490345568000},{"_id":"themes/next/source/css/_common/components/tags/group-pictures.styl","hash":"4851b981020c5cbc354a1af9b831a2dcb3cf9d39","modified":1490345568000},{"_id":"themes/next/source/css/_common/components/tags/note.styl","hash":"74d0ba86f698165d13402670382a822c8736a556","modified":1490345568000},{"_id":"themes/next/source/css/_common/components/tags/tags.styl","hash":"dd310c2d999185e881db007360176ee2f811df10","modified":1490345568000},{"_id":"themes/next/source/css/_common/components/tags/full-image.styl","hash":"b8969e1654eec89a0fd10d88b337fee9cb03cd44","modified":1490345568000},{"_id":"themes/next/source/css/_common/components/third-party/baidushare.styl","hash":"93b08815c4d17e2b96fef8530ec1f1064dede6ef","modified":1490345568000},{"_id":"themes/next/source/css/_common/components/third-party/algolia-search.styl","hash":"fd42777b9125fd8969dc39d4f15473e2b91b4142","modified":1490345568000},{"_id":"themes/next/source/css/_common/components/third-party/busuanzi-counter.styl","hash":"d4e6d8d7b34dc69994593c208f875ae8f7e8a3ae","modified":1490345568000},{"_id":"themes/next/source/css/_common/components/third-party/jiathis.styl","hash":"327b5f63d55ec26f7663185c1a778440588d9803","modified":1490345568000},{"_id":"themes/next/source/css/_common/components/third-party/duoshuo.styl","hash":"2340dd9b3202c61d73cc708b790fac5adddbfc7f","modified":1490345568000},{"_id":"themes/next/source/css/_common/components/third-party/gentie.styl","hash":"586a3ec0f1015e7207cd6a2474362e068c341744","modified":1490345568000},{"_id":"themes/next/source/css/_common/components/third-party/localsearch.styl","hash":"173490e21bece35a34858e8e534cf86e34561350","modified":1490345568000},{"_id":"themes/next/source/css/_common/components/third-party/third-party.styl","hash":"42348219db93a85d2ee23cb06cebd4d8ab121726","modified":1490345568000},{"_id":"themes/next/source/css/_schemes/Mist/outline/outline.styl","hash":"5dc4859c66305f871e56cba78f64bfe3bf1b5f01","modified":1490345568000},{"_id":"themes/next/source/css/_schemes/Mist/sidebar/sidebar-blogroll.styl","hash":"817587e46df49e819858c8ecbafa08b53d5ff040","modified":1490345568000},{"_id":"themes/next/source/css/_schemes/Muse/sidebar/sidebar-blogroll.styl","hash":"817587e46df49e819858c8ecbafa08b53d5ff040","modified":1490345568000},{"_id":"themes/next/source/lib/fancybox/source/helpers/fancybox_buttons.png","hash":"e385b139516c6813dcd64b8fc431c364ceafe5f3","modified":1490345568000},{"_id":"themes/next/source/lib/fancybox/source/helpers/jquery.fancybox-buttons.css","hash":"1a9d8e5c22b371fcc69d4dbbb823d9c39f04c0c8","modified":1490345568000},{"_id":"themes/next/source/lib/fancybox/source/helpers/jquery.fancybox-buttons.js","hash":"91e41741c2e93f732c82aaacec4cfc6e3f3ec876","modified":1490345568000},{"_id":"themes/next/source/lib/fancybox/source/helpers/jquery.fancybox-media.js","hash":"3bdf69ed2469e4fb57f5a95f17300eef891ff90d","modified":1490345568000},{"_id":"themes/next/source/lib/fancybox/source/helpers/jquery.fancybox-thumbs.css","hash":"4ac329c16a5277592fc12a37cca3d72ca4ec292f","modified":1490345568000},{"_id":"themes/next/source/lib/fancybox/source/helpers/jquery.fancybox-thumbs.js","hash":"53e194f4a72e649c04fb586dd57762b8c022800b","modified":1490345568000},{"_id":"themes/next/source/lib/font-awesome/fonts/FontAwesome.otf","hash":"048707bc52ac4b6563aaa383bfe8660a0ddc908c","modified":1490345568000},{"_id":"themes/next/source/lib/font-awesome/fonts/fontawesome-webfont.eot","hash":"d980c2ce873dc43af460d4d572d441304499f400","modified":1490345568000},{"_id":"themes/next/source/lib/font-awesome/fonts/fontawesome-webfont.ttf","hash":"13b1eab65a983c7a73bc7997c479d66943f7c6cb","modified":1490345568000},{"_id":"themes/next/source/lib/algolia-instant-search/instantsearch.min.js","hash":"9ccc6f8144f54e86df9a3fd33a18368d81cf3a4f","modified":1490345568000},{"_id":"themes/next/source/lib/three/three.min.js","hash":"73f4cdc17e51a72b9bf5b9291f65386d615c483b","modified":1490345568000},{"_id":"themes/next/source/lib/font-awesome/fonts/fontawesome-webfont.svg","hash":"98a8aa5cf7d62c2eff5f07ede8d844b874ef06ed","modified":1490345568000}],"Category":[{"name":"技术","_id":"cj6p286sw0006hwuet190fc4c"},{"name":"前端","parent":"cj6p286sw0006hwuet190fc4c","_id":"cj6p286tr000ehwueq5qgf9t6"},{"name":"前端测试","parent":"cj6p286tr000ehwueq5qgf9t6","_id":"cj6p286tr000shwuenh8g86wv"}],"Data":[],"Page":[{"title":"about","date":"2017-06-30T13:16:47.000Z","comments":0,"type":"about","_content":"","source":"about/index.md","raw":"---\ntitle: about\ndate: 2017-06-30 21:16:47\ncomments:   false\ntype:   about\n---\n","updated":"2017-06-30T13:22:31.435Z","path":"about/index.html","layout":"page","_id":"cj6p286sh0001hwue97ti0qaj","content":"","site":{"data":{}},"excerpt":"","more":""},{"title":"tags","date":"2017-06-30T13:19:16.000Z","comments":0,"type":"tags","_content":"","source":"tags/index.md","raw":"---\ntitle: tags\ndate: 2017-06-30 21:19:16\ncomments:   false\ntype: tags\n---\n","updated":"2017-06-30T13:21:25.404Z","path":"tags/index.html","layout":"page","_id":"cj6p286sw0003hwueevmq3yo7","content":"","site":{"data":{}},"excerpt":"","more":""},{"title":"categories","date":"2017-06-30T13:20:06.000Z","comments":0,"type":"categories","_content":"","source":"categories/index.md","raw":"---\ntitle: categories\ndate: 2017-06-30 21:20:06\ncomments:   false\ntype:   \"categories\"\n---","updated":"2017-06-30T13:28:26.108Z","path":"categories/index.html","layout":"page","_id":"cj6p286sw0005hwuebvtlg7kz","content":"","site":{"data":{}},"excerpt":"","more":""}],"Post":[{"title":"Hello World","_content":"Welcome to [Hexo](https://hexo.io/)! This is your very first post. Check [documentation](https://hexo.io/docs/) for more info. If you get any problems when using Hexo, you can find the answer in [troubleshooting](https://hexo.io/docs/troubleshooting.html) or you can ask me on [GitHub](https://github.com/hexojs/hexo/issues).\n\n## Quick Start\n\n### Create a new post\n\n``` bash\n$ hexo new \"My New Post\"\n```\n\nMore info: [Writing](https://hexo.io/docs/writing.html)\n\n### Run server\n\n``` bash\n$ hexo server\n```\n\nMore info: [Server](https://hexo.io/docs/server.html)\n\n### Generate static files\n\n``` bash\n$ hexo generate\n```\n\nMore info: [Generating](https://hexo.io/docs/generating.html)\n\n### Deploy to remote sites\n\n``` bash\n$ hexo deploy\n```\n\nMore info: [Deployment](https://hexo.io/docs/deployment.html)\n","source":"_posts/hello-world.md","raw":"---\ntitle: Hello World\n---\nWelcome to [Hexo](https://hexo.io/)! This is your very first post. Check [documentation](https://hexo.io/docs/) for more info. If you get any problems when using Hexo, you can find the answer in [troubleshooting](https://hexo.io/docs/troubleshooting.html) or you can ask me on [GitHub](https://github.com/hexojs/hexo/issues).\n\n## Quick Start\n\n### Create a new post\n\n``` bash\n$ hexo new \"My New Post\"\n```\n\nMore info: [Writing](https://hexo.io/docs/writing.html)\n\n### Run server\n\n``` bash\n$ hexo server\n```\n\nMore info: [Server](https://hexo.io/docs/server.html)\n\n### Generate static files\n\n``` bash\n$ hexo generate\n```\n\nMore info: [Generating](https://hexo.io/docs/generating.html)\n\n### Deploy to remote sites\n\n``` bash\n$ hexo deploy\n```\n\nMore info: [Deployment](https://hexo.io/docs/deployment.html)\n","slug":"hello-world","published":1,"date":"2017-06-27T13:16:09.020Z","updated":"2017-06-27T11:40:04.191Z","comments":1,"layout":"post","photos":[],"link":"","_id":"cj6p286sh0000hwuexdvxm72u","content":"<p>Welcome to <a href=\"https://hexo.io/\" target=\"_blank\" rel=\"external\">Hexo</a>! This is your very first post. Check <a href=\"https://hexo.io/docs/\" target=\"_blank\" rel=\"external\">documentation</a> for more info. If you get any problems when using Hexo, you can find the answer in <a href=\"https://hexo.io/docs/troubleshooting.html\" target=\"_blank\" rel=\"external\">troubleshooting</a> or you can ask me on <a href=\"https://github.com/hexojs/hexo/issues\" target=\"_blank\" rel=\"external\">GitHub</a>.</p>\n<h2 id=\"Quick-Start\"><a href=\"#Quick-Start\" class=\"headerlink\" title=\"Quick Start\"></a>Quick Start</h2><h3 id=\"Create-a-new-post\"><a href=\"#Create-a-new-post\" class=\"headerlink\" title=\"Create a new post\"></a>Create a new post</h3><figure class=\"highlight bash\"><table><tr><td class=\"gutter\"><pre><div class=\"line\">1</div></pre></td><td class=\"code\"><pre><div class=\"line\">$ hexo new <span class=\"string\">\"My New Post\"</span></div></pre></td></tr></table></figure>\n<p>More info: <a href=\"https://hexo.io/docs/writing.html\" target=\"_blank\" rel=\"external\">Writing</a></p>\n<h3 id=\"Run-server\"><a href=\"#Run-server\" class=\"headerlink\" title=\"Run server\"></a>Run server</h3><figure class=\"highlight bash\"><table><tr><td class=\"gutter\"><pre><div class=\"line\">1</div></pre></td><td class=\"code\"><pre><div class=\"line\">$ hexo server</div></pre></td></tr></table></figure>\n<p>More info: <a href=\"https://hexo.io/docs/server.html\" target=\"_blank\" rel=\"external\">Server</a></p>\n<h3 id=\"Generate-static-files\"><a href=\"#Generate-static-files\" class=\"headerlink\" title=\"Generate static files\"></a>Generate static files</h3><figure class=\"highlight bash\"><table><tr><td class=\"gutter\"><pre><div class=\"line\">1</div></pre></td><td class=\"code\"><pre><div class=\"line\">$ hexo generate</div></pre></td></tr></table></figure>\n<p>More info: <a href=\"https://hexo.io/docs/generating.html\" target=\"_blank\" rel=\"external\">Generating</a></p>\n<h3 id=\"Deploy-to-remote-sites\"><a href=\"#Deploy-to-remote-sites\" class=\"headerlink\" title=\"Deploy to remote sites\"></a>Deploy to remote sites</h3><figure class=\"highlight bash\"><table><tr><td class=\"gutter\"><pre><div class=\"line\">1</div></pre></td><td class=\"code\"><pre><div class=\"line\">$ hexo deploy</div></pre></td></tr></table></figure>\n<p>More info: <a href=\"https://hexo.io/docs/deployment.html\" target=\"_blank\" rel=\"external\">Deployment</a></p>\n","site":{"data":{}},"excerpt":"","more":"<p>Welcome to <a href=\"https://hexo.io/\" target=\"_blank\" rel=\"external\">Hexo</a>! This is your very first post. Check <a href=\"https://hexo.io/docs/\" target=\"_blank\" rel=\"external\">documentation</a> for more info. If you get any problems when using Hexo, you can find the answer in <a href=\"https://hexo.io/docs/troubleshooting.html\" target=\"_blank\" rel=\"external\">troubleshooting</a> or you can ask me on <a href=\"https://github.com/hexojs/hexo/issues\" target=\"_blank\" rel=\"external\">GitHub</a>.</p>\n<h2 id=\"Quick-Start\"><a href=\"#Quick-Start\" class=\"headerlink\" title=\"Quick Start\"></a>Quick Start</h2><h3 id=\"Create-a-new-post\"><a href=\"#Create-a-new-post\" class=\"headerlink\" title=\"Create a new post\"></a>Create a new post</h3><figure class=\"highlight bash\"><table><tr><td class=\"gutter\"><pre><div class=\"line\">1</div></pre></td><td class=\"code\"><pre><div class=\"line\">$ hexo new <span class=\"string\">\"My New Post\"</span></div></pre></td></tr></table></figure>\n<p>More info: <a href=\"https://hexo.io/docs/writing.html\" target=\"_blank\" rel=\"external\">Writing</a></p>\n<h3 id=\"Run-server\"><a href=\"#Run-server\" class=\"headerlink\" title=\"Run server\"></a>Run server</h3><figure class=\"highlight bash\"><table><tr><td class=\"gutter\"><pre><div class=\"line\">1</div></pre></td><td class=\"code\"><pre><div class=\"line\">$ hexo server</div></pre></td></tr></table></figure>\n<p>More info: <a href=\"https://hexo.io/docs/server.html\" target=\"_blank\" rel=\"external\">Server</a></p>\n<h3 id=\"Generate-static-files\"><a href=\"#Generate-static-files\" class=\"headerlink\" title=\"Generate static files\"></a>Generate static files</h3><figure class=\"highlight bash\"><table><tr><td class=\"gutter\"><pre><div class=\"line\">1</div></pre></td><td class=\"code\"><pre><div class=\"line\">$ hexo generate</div></pre></td></tr></table></figure>\n<p>More info: <a href=\"https://hexo.io/docs/generating.html\" target=\"_blank\" rel=\"external\">Generating</a></p>\n<h3 id=\"Deploy-to-remote-sites\"><a href=\"#Deploy-to-remote-sites\" class=\"headerlink\" title=\"Deploy to remote sites\"></a>Deploy to remote sites</h3><figure class=\"highlight bash\"><table><tr><td class=\"gutter\"><pre><div class=\"line\">1</div></pre></td><td class=\"code\"><pre><div class=\"line\">$ hexo deploy</div></pre></td></tr></table></figure>\n<p>More info: <a href=\"https://hexo.io/docs/deployment.html\" target=\"_blank\" rel=\"external\">Deployment</a></p>\n"},{"title":"nodejs教程","date":"2017-06-30T13:29:09.000Z","_content":"##  nodejs\n\n### 配置环境\n前往官网下载稳定版本,进行本地安装\n安装完毕后执行\n```bash\nnode -v\n```\n查看是否安装成功\n\n### 使用nodejs\n打开终端,进行基本一些`node`命令操作\n```bash\nnode\n1==1//true\n```\n也可以编写一个js文件再执行\n//fun.js\n```javascript\nconsole.log(\"hellow world\");\n```\n然后运行该文件\n```bash\nnode fun.js\n```\n\n\n\n\n","source":"_posts/nodejs教程.md","raw":"---\ntitle: nodejs教程\ndate: 2017-06-30 21:29:09\ntags:\n    - nodejs\n    - 前端\ncategories:\n    - 技术\n    - 前端\n---\n##  nodejs\n\n### 配置环境\n前往官网下载稳定版本,进行本地安装\n安装完毕后执行\n```bash\nnode -v\n```\n查看是否安装成功\n\n### 使用nodejs\n打开终端,进行基本一些`node`命令操作\n```bash\nnode\n1==1//true\n```\n也可以编写一个js文件再执行\n//fun.js\n```javascript\nconsole.log(\"hellow world\");\n```\n然后运行该文件\n```bash\nnode fun.js\n```\n\n\n\n\n","slug":"nodejs教程","published":1,"updated":"2017-06-30T13:37:21.912Z","comments":1,"layout":"post","photos":[],"link":"","_id":"cj6p286sw0002hwue41nvs2zx","content":"<h2 id=\"nodejs\"><a href=\"#nodejs\" class=\"headerlink\" title=\"nodejs\"></a>nodejs</h2><h3 id=\"配置环境\"><a href=\"#配置环境\" class=\"headerlink\" title=\"配置环境\"></a>配置环境</h3><p>前往官网下载稳定版本,进行本地安装<br>安装完毕后执行<br><figure class=\"highlight bash\"><table><tr><td class=\"gutter\"><pre><div class=\"line\">1</div></pre></td><td class=\"code\"><pre><div class=\"line\">node -v</div></pre></td></tr></table></figure></p>\n<p>查看是否安装成功</p>\n<h3 id=\"使用nodejs\"><a href=\"#使用nodejs\" class=\"headerlink\" title=\"使用nodejs\"></a>使用nodejs</h3><p>打开终端,进行基本一些<code>node</code>命令操作<br><figure class=\"highlight bash\"><table><tr><td class=\"gutter\"><pre><div class=\"line\">1</div><div class=\"line\">2</div></pre></td><td class=\"code\"><pre><div class=\"line\">node</div><div class=\"line\">1==1//<span class=\"literal\">true</span></div></pre></td></tr></table></figure></p>\n<p>也可以编写一个js文件再执行<br>//fun.js<br><figure class=\"highlight javascript\"><table><tr><td class=\"gutter\"><pre><div class=\"line\">1</div></pre></td><td class=\"code\"><pre><div class=\"line\"><span class=\"built_in\">console</span>.log(<span class=\"string\">\"hellow world\"</span>);</div></pre></td></tr></table></figure></p>\n<p>然后运行该文件<br><figure class=\"highlight bash\"><table><tr><td class=\"gutter\"><pre><div class=\"line\">1</div></pre></td><td class=\"code\"><pre><div class=\"line\">node fun.js</div></pre></td></tr></table></figure></p>\n","site":{"data":{}},"excerpt":"","more":"<h2 id=\"nodejs\"><a href=\"#nodejs\" class=\"headerlink\" title=\"nodejs\"></a>nodejs</h2><h3 id=\"配置环境\"><a href=\"#配置环境\" class=\"headerlink\" title=\"配置环境\"></a>配置环境</h3><p>前往官网下载稳定版本,进行本地安装<br>安装完毕后执行<br><figure class=\"highlight bash\"><table><tr><td class=\"gutter\"><pre><div class=\"line\">1</div></pre></td><td class=\"code\"><pre><div class=\"line\">node -v</div></pre></td></tr></table></figure></p>\n<p>查看是否安装成功</p>\n<h3 id=\"使用nodejs\"><a href=\"#使用nodejs\" class=\"headerlink\" title=\"使用nodejs\"></a>使用nodejs</h3><p>打开终端,进行基本一些<code>node</code>命令操作<br><figure class=\"highlight bash\"><table><tr><td class=\"gutter\"><pre><div class=\"line\">1</div><div class=\"line\">2</div></pre></td><td class=\"code\"><pre><div class=\"line\">node</div><div class=\"line\">1==1//<span class=\"literal\">true</span></div></pre></td></tr></table></figure></p>\n<p>也可以编写一个js文件再执行<br>//fun.js<br><figure class=\"highlight javascript\"><table><tr><td class=\"gutter\"><pre><div class=\"line\">1</div></pre></td><td class=\"code\"><pre><div class=\"line\"><span class=\"built_in\">console</span>.log(<span class=\"string\">\"hellow world\"</span>);</div></pre></td></tr></table></figure></p>\n<p>然后运行该文件<br><figure class=\"highlight bash\"><table><tr><td class=\"gutter\"><pre><div class=\"line\">1</div></pre></td><td class=\"code\"><pre><div class=\"line\">node fun.js</div></pre></td></tr></table></figure></p>\n"},{"title":"hexo-new-article","date":"2017-08-23T13:13:04.000Z","_content":"##  hexo新建文章\n\n### 初始化md文件\n\n```bash\nhexo new file-name\n```\n然后就会提示你md文件的创建位置\n\n### 文件结构\n```md\n---\ntitle: 文章标题\ndate: 2017-06-30 21:29:09#创建时间\ntags:#增加文章的标签\n    - nodejs\n    - 前端\ncategories:#增加文件的分类\n    - 技术\n    - 前端\n---\n下面标准的md文件的书写格式写文章就好\n```\n\n\n\n\n\n","source":"_posts/hexo-new-article.md","raw":"---\ntitle: hexo-new-article\ndate: 2017-08-23 21:13:04\ntags:\n    - hexo\n    - 前端\ncategories:\n    - 技术\n    - 前端\n---\n##  hexo新建文章\n\n### 初始化md文件\n\n```bash\nhexo new file-name\n```\n然后就会提示你md文件的创建位置\n\n### 文件结构\n```md\n---\ntitle: 文章标题\ndate: 2017-06-30 21:29:09#创建时间\ntags:#增加文章的标签\n    - nodejs\n    - 前端\ncategories:#增加文件的分类\n    - 技术\n    - 前端\n---\n下面标准的md文件的书写格式写文章就好\n```\n\n\n\n\n\n","slug":"hexo-new-article","published":1,"updated":"2017-08-23T13:18:49.902Z","comments":1,"layout":"post","photos":[],"link":"","_id":"cj6p286sw0004hwue83r0zep0","content":"<h2 id=\"hexo新建文章\"><a href=\"#hexo新建文章\" class=\"headerlink\" title=\"hexo新建文章\"></a>hexo新建文章</h2><h3 id=\"初始化md文件\"><a href=\"#初始化md文件\" class=\"headerlink\" title=\"初始化md文件\"></a>初始化md文件</h3><figure class=\"highlight bash\"><table><tr><td class=\"gutter\"><pre><div class=\"line\">1</div></pre></td><td class=\"code\"><pre><div class=\"line\">hexo new file-name</div></pre></td></tr></table></figure>\n<p>然后就会提示你md文件的创建位置</p>\n<h3 id=\"文件结构\"><a href=\"#文件结构\" class=\"headerlink\" title=\"文件结构\"></a>文件结构</h3><figure class=\"highlight md\"><table><tr><td class=\"gutter\"><pre><div class=\"line\">1</div><div class=\"line\">2</div><div class=\"line\">3</div><div class=\"line\">4</div><div class=\"line\">5</div><div class=\"line\">6</div><div class=\"line\">7</div><div class=\"line\">8</div><div class=\"line\">9</div><div class=\"line\">10</div><div class=\"line\">11</div></pre></td><td class=\"code\"><pre><div class=\"line\">---</div><div class=\"line\">title: 文章标题</div><div class=\"line\">date: 2017-06-30 21:29:09#创建时间</div><div class=\"line\">tags:#增加文章的标签</div><div class=\"line\"><span class=\"code\">    - nodejs</span></div><div class=\"line\"><span class=\"code\">    - 前端</span></div><div class=\"line\">categories:#增加文件的分类</div><div class=\"line\"><span class=\"code\">    - 技术</span></div><div class=\"line\"><span class=\"section\">    - 前端</span></div><div class=\"line\">---</div><div class=\"line\">下面标准的md文件的书写格式写文章就好</div></pre></td></tr></table></figure>\n","site":{"data":{}},"excerpt":"","more":"<h2 id=\"hexo新建文章\"><a href=\"#hexo新建文章\" class=\"headerlink\" title=\"hexo新建文章\"></a>hexo新建文章</h2><h3 id=\"初始化md文件\"><a href=\"#初始化md文件\" class=\"headerlink\" title=\"初始化md文件\"></a>初始化md文件</h3><figure class=\"highlight bash\"><table><tr><td class=\"gutter\"><pre><div class=\"line\">1</div></pre></td><td class=\"code\"><pre><div class=\"line\">hexo new file-name</div></pre></td></tr></table></figure>\n<p>然后就会提示你md文件的创建位置</p>\n<h3 id=\"文件结构\"><a href=\"#文件结构\" class=\"headerlink\" title=\"文件结构\"></a>文件结构</h3><figure class=\"highlight md\"><table><tr><td class=\"gutter\"><pre><div class=\"line\">1</div><div class=\"line\">2</div><div class=\"line\">3</div><div class=\"line\">4</div><div class=\"line\">5</div><div class=\"line\">6</div><div class=\"line\">7</div><div class=\"line\">8</div><div class=\"line\">9</div><div class=\"line\">10</div><div class=\"line\">11</div></pre></td><td class=\"code\"><pre><div class=\"line\">---</div><div class=\"line\">title: 文章标题</div><div class=\"line\">date: 2017-06-30 21:29:09#创建时间</div><div class=\"line\">tags:#增加文章的标签</div><div class=\"line\"><span class=\"code\">    - nodejs</span></div><div class=\"line\"><span class=\"code\">    - 前端</span></div><div class=\"line\">categories:#增加文件的分类</div><div class=\"line\"><span class=\"code\">    - 技术</span></div><div class=\"line\"><span class=\"section\">    - 前端</span></div><div class=\"line\">---</div><div class=\"line\">下面标准的md文件的书写格式写文章就好</div></pre></td></tr></table></figure>\n"},{"title":"前端测试框架-mocha","date":"2017-08-23T13:19:57.000Z","_content":"## mocha 前端测试框架\n\n### 安装mocha\n首先需要一个nodejs环境,比如说新建一个工程mocha-test\n```bash\nmkdir mocha-test\ncd mocha-test\nnpm init\nnpm install -s mocha\n```\n为了方便可以全局安装\n```bash\nnpm install -g mocha\n```\n","source":"_posts/前端测试框架-mocha.md","raw":"---\ntitle: 前端测试框架-mocha\ndate: 2017-08-23 21:19:57\ntags:\n    - nodejs\n    - 测试\n    - macha\ncategories:\n    - 技术\n    - 前端\n    - 前端测试\n---\n## mocha 前端测试框架\n\n### 安装mocha\n首先需要一个nodejs环境,比如说新建一个工程mocha-test\n```bash\nmkdir mocha-test\ncd mocha-test\nnpm init\nnpm install -s mocha\n```\n为了方便可以全局安装\n```bash\nnpm install -g mocha\n```\n","slug":"前端测试框架-mocha","published":1,"updated":"2017-08-23T13:32:34.775Z","comments":1,"layout":"post","photos":[],"link":"","_id":"cj6p286tc0008hwuekxau56lm","content":"<h2 id=\"mocha-前端测试框架\"><a href=\"#mocha-前端测试框架\" class=\"headerlink\" title=\"mocha 前端测试框架\"></a>mocha 前端测试框架</h2><h3 id=\"安装mocha\"><a href=\"#安装mocha\" class=\"headerlink\" title=\"安装mocha\"></a>安装mocha</h3><p>首先需要一个nodejs环境,比如说新建一个工程mocha-test<br><figure class=\"highlight bash\"><table><tr><td class=\"gutter\"><pre><div class=\"line\">1</div><div class=\"line\">2</div><div class=\"line\">3</div><div class=\"line\">4</div></pre></td><td class=\"code\"><pre><div class=\"line\">mkdir mocha-test</div><div class=\"line\"><span class=\"built_in\">cd</span> mocha-test</div><div class=\"line\">npm init</div><div class=\"line\">npm install -s mocha</div></pre></td></tr></table></figure></p>\n<p>为了方便可以全局安装<br><figure class=\"highlight bash\"><table><tr><td class=\"gutter\"><pre><div class=\"line\">1</div></pre></td><td class=\"code\"><pre><div class=\"line\">npm install -g mocha</div></pre></td></tr></table></figure></p>\n","site":{"data":{}},"excerpt":"","more":"<h2 id=\"mocha-前端测试框架\"><a href=\"#mocha-前端测试框架\" class=\"headerlink\" title=\"mocha 前端测试框架\"></a>mocha 前端测试框架</h2><h3 id=\"安装mocha\"><a href=\"#安装mocha\" class=\"headerlink\" title=\"安装mocha\"></a>安装mocha</h3><p>首先需要一个nodejs环境,比如说新建一个工程mocha-test<br><figure class=\"highlight bash\"><table><tr><td class=\"gutter\"><pre><div class=\"line\">1</div><div class=\"line\">2</div><div class=\"line\">3</div><div class=\"line\">4</div></pre></td><td class=\"code\"><pre><div class=\"line\">mkdir mocha-test</div><div class=\"line\"><span class=\"built_in\">cd</span> mocha-test</div><div class=\"line\">npm init</div><div class=\"line\">npm install -s mocha</div></pre></td></tr></table></figure></p>\n<p>为了方便可以全局安装<br><figure class=\"highlight bash\"><table><tr><td class=\"gutter\"><pre><div class=\"line\">1</div></pre></td><td class=\"code\"><pre><div class=\"line\">npm install -g mocha</div></pre></td></tr></table></figure></p>\n"}],"PostAsset":[],"PostCategory":[{"post_id":"cj6p286sw0002hwue41nvs2zx","category_id":"cj6p286sw0006hwuet190fc4c","_id":"cj6p286tr000khwuenjhex084"},{"post_id":"cj6p286sw0002hwue41nvs2zx","category_id":"cj6p286tr000ehwueq5qgf9t6","_id":"cj6p286tr000ohwuenbtdak3y"},{"post_id":"cj6p286sw0004hwue83r0zep0","category_id":"cj6p286sw0006hwuet190fc4c","_id":"cj6p286tr000phwueuxuawcuv"},{"post_id":"cj6p286sw0004hwue83r0zep0","category_id":"cj6p286tr000ehwueq5qgf9t6","_id":"cj6p286tr000rhwuepjma43pp"},{"post_id":"cj6p286tc0008hwuekxau56lm","category_id":"cj6p286sw0006hwuet190fc4c","_id":"cj6p286u7000vhwuewi2b8bgv"},{"post_id":"cj6p286tc0008hwuekxau56lm","category_id":"cj6p286tr000ehwueq5qgf9t6","_id":"cj6p286u7000xhwueoe3yvm5r"},{"post_id":"cj6p286tc0008hwuekxau56lm","category_id":"cj6p286tr000shwuenh8g86wv","_id":"cj6p286u7000yhwuenv4u1mio"}],"PostTag":[{"post_id":"cj6p286sw0002hwue41nvs2zx","tag_id":"cj6p286tc0007hwuee37fcb6w","_id":"cj6p286tc000dhwue4o3xkb2g"},{"post_id":"cj6p286sw0002hwue41nvs2zx","tag_id":"cj6p286tc000ahwuecaiau9v7","_id":"cj6p286tr000fhwuem02mvuao"},{"post_id":"cj6p286sw0004hwue83r0zep0","tag_id":"cj6p286tc000chwueqgn1c8oq","_id":"cj6p286tr000jhwue6jigxn6y"},{"post_id":"cj6p286sw0004hwue83r0zep0","tag_id":"cj6p286tc000ahwuecaiau9v7","_id":"cj6p286tr000mhwuerqp7oxjv"},{"post_id":"cj6p286tc0008hwuekxau56lm","tag_id":"cj6p286tc0007hwuee37fcb6w","_id":"cj6p286tr000thwuecxmemshf"},{"post_id":"cj6p286tc0008hwuekxau56lm","tag_id":"cj6p286tr000nhwue3z05urta","_id":"cj6p286u7000uhwue4a2mz28a"},{"post_id":"cj6p286tc0008hwuekxau56lm","tag_id":"cj6p286tr000qhwueionzn2cn","_id":"cj6p286u7000whwue26j92qie"}],"Tag":[{"name":"nodejs","_id":"cj6p286tc0007hwuee37fcb6w"},{"name":"前端","_id":"cj6p286tc000ahwuecaiau9v7"},{"name":"hexo","_id":"cj6p286tc000chwueqgn1c8oq"},{"name":"测试","_id":"cj6p286tr000nhwue3z05urta"},{"name":"macha","_id":"cj6p286tr000qhwueionzn2cn"}]}}